{"cameraMode":{"drawMode":0,"name":"Shaded","section":"Shading Mode"},"sceneLighting":true,"audioPlay":false,"sceneViewState":{"showFog":true,"showMaterialUpdate":false,"showSkybox":true,"showFlares":true,"showImageEffects":true,"showParticleSystems":true},"in2DMode":false,"pivot":{"x":11.749643325805664,"y":8.398950576782227,"z":11.594364166259766},"rotation":{"x":-0.11348164081573487,"y":0.8379681706428528,"z":-0.19074104726314546,"w":-0.49854999780654909},"size":4.2712225914001469,"orthographic":false}