{"cameraMode":{"drawMode":0,"name":"Shaded","section":"Shading Mode"},"sceneLighting":true,"audioPlay":false,"sceneViewState":{"showFog":true,"showMaterialUpdate":false,"showSkybox":true,"showFlares":true,"showImageEffects":true,"showParticleSystems":true},"in2DMode":false,"pivot":{"x":0.9778666496276856,"y":-0.09302473068237305,"z":2.4844069480895998},"rotation":{"x":0.19878169894218446,"y":-0.7775018811225891,"z":0.2996508777141571,"w":0.516020655632019},"size":1.1968915462493897,"orthographic":false}