{"cameraMode":{"drawMode":0,"name":"Shaded","section":"Shading Mode"},"sceneLighting":true,"audioPlay":false,"sceneViewState":{"showFog":true,"showMaterialUpdate":false,"showSkybox":true,"showFlares":true,"showImageEffects":true,"showParticleSystems":true},"in2DMode":false,"pivot":{"x":-55.17217254638672,"y":-79.1636734008789,"z":174.8568878173828},"rotation":{"x":0.19907279312610627,"y":-0.14928847551345826,"z":0.030704814940690995,"w":0.9680810570716858},"size":103.1226806640625,"orthographic":false}